epoch,train_total_loss,train_data_loss,train_pde_loss,val_total_loss,val_data_loss,val_pde_loss
0,10.547739654779434,2.5452250242233276,80.02435100078583,1.6076183915138245,1.4605948328971863,1.4702354073524475
50,0.4624919183552265,0.4481784403324127,0.14274934865534306,0.5208168923854828,0.5021481812000275,0.18668731302022934
100,0.364184133708477,0.34918300434947014,0.14940960332751274,0.47230932116508484,0.4506720304489136,0.21637290716171265
119,0.35391779989004135,0.3387127220630646,0.15143251791596413,0.470848485827446,0.4487287849187851,0.22119703143835068
